{"data":[{"files":[{"filename":"/src/tmux/alerts.c","summary":{"branches":{"count":106,"covered":13,"notcovered":93,"percent":12.264150943396226},"functions":{"count":13,"covered":3,"percent":23.076923076923077},"instantiations":{"count":13,"covered":3,"percent":23.076923076923077},"lines":{"count":191,"covered":29,"percent":15.183246073298429},"mcdc":{"count":0,"covered":0,"notcovered":0,"percent":0},"regions":{"count":237,"covered":22,"notcovered":215,"percent":9.2827004219409286}}},{"filename":"/src/tmux/arguments.c","summary":{"branches":{"count":318,"covered":14,"notcovered":304,"percent":4.4025157232704402},"functions":{"count":42,"covered":4,"percent":9.5238095238095237},"instantiations":{"count":42,"covered":4,"percent":9.5238095238095237},"lines":{"count":773,"covered":45,"percent":5.8214747736093138},"mcdc":{"count":0,"covered":0,"notcovered":0,"percent":0},"regions":{"count":488,"covered":33,"notcovered":455,"percent":6.7622950819672134}}},{"filename":"/src/tmux/attributes.c","summary":{"branches":{"count":52,"covered":0,"notcovered":52,"percent":0},"functions":{"count":2,"covered":0,"percent":0},"instantiations":{"count":2,"covered":0,"percent":0},"lines":{"count":72,"covered":0,"percent":0},"mcdc":{"count":0,"covered":0,"notcovered":0,"percent":0},"regions":{"count":107,"covered":0,"notcovered":107,"percent":0}}},{"filename":"/src/tmux/cfg.c","summary":{"branches":{"count":68,"covered":0,"notcovered":68,"percent":0},"functions":{"count":8,"covered":0,"percent":0},"instantiations":{"count":8,"covered":0,"percent":0},"lines":{"count":173,"covered":0,"percent":0},"mcdc":{"count":0,"covered":0,"notcovered":0,"percent":0},"regions":{"count":109,"covered":0,"notcovered":109,"percent":0}}},{"filename":"/src/tmux/client.c","summary":{"branches":{"count":286,"covered":0,"notcovered":286,"percent":0},"functions":{"count":13,"covered":0,"percent":0},"instantiations":{"count":13,"covered":0,"percent":0},"lines":{"count":557,"covered":0,"percent":0},"mcdc":{"count":0,"covered":0,"notcovered":0,"percent":0},"regions":{"count":344,"covered":0,"notcovered":344,"percent":0}}},{"filename":"/src/tmux/cmd-attach-session.c","summary":{"branches":{"count":62,"covered":0,"notcovered":62,"percent":0},"functions":{"count":2,"covered":0,"percent":0},"instantiations":{"count":2,"covered":0,"percent":0},"lines":{"count":106,"covered":0,"percent":0},"mcdc":{"count":0,"covered":0,"notcovered":0,"percent":0},"regions":{"count":94,"covered":0,"notcovered":94,"percent":0}}},{"filename":"/src/tmux/cmd-bind-key.c","summary":{"branches":{"count":22,"covered":0,"notcovered":22,"percent":0},"functions":{"count":2,"covered":0,"percent":0},"instantiations":{"count":2,"covered":0,"percent":0},"lines":{"count":50,"covered":0,"percent":0},"mcdc":{"count":0,"covered":0,"notcovered":0,"percent":0},"regions":{"count":30,"covered":0,"notcovered":30,"percent":0}}},{"filename":"/src/tmux/cmd-break-pane.c","summary":{"branches":{"count":36,"covered":0,"notcovered":36,"percent":0},"functions":{"count":1,"covered":0,"percent":0},"instantiations":{"count":1,"covered":0,"percent":0},"lines":{"count":85,"covered":0,"percent":0},"mcdc":{"count":0,"covered":0,"notcovered":0,"percent":0},"regions":{"count":55,"covered":0,"notcovered":55,"percent":0}}},{"filename":"/src/tmux/cmd-capture-pane.c","summary":{"branches":{"count":88,"covered":0,"notcovered":88,"percent":0},"functions":{"count":4,"covered":0,"percent":0},"instantiations":{"count":4,"covered":0,"percent":0},"lines":{"count":173,"covered":0,"percent":0},"mcdc":{"count":0,"covered":0,"notcovered":0,"percent":0},"regions":{"count":124,"covered":0,"notcovered":124,"percent":0}}},{"filename":"/src/tmux/cmd-choose-tree.c","summary":{"branches":{"count":10,"covered":0,"notcovered":10,"percent":0},"functions":{"count":2,"covered":0,"percent":0},"instantiations":{"count":2,"covered":0,"percent":0},"lines":{"count":23,"covered":0,"percent":0},"mcdc":{"count":0,"covered":0,"notcovered":0,"percent":0},"regions":{"count":18,"covered":0,"notcovered":18,"percent":0}}},{"filename":"/src/tmux/cmd-command-prompt.c","summary":{"branches":{"count":56,"covered":0,"notcovered":56,"percent":0},"functions":{"count":4,"covered":0,"percent":0},"instantiations":{"count":4,"covered":0,"percent":0},"lines":{"count":141,"covered":0,"percent":0},"mcdc":{"count":0,"covered":0,"notcovered":0,"percent":0},"regions":{"count":84,"covered":0,"notcovered":84,"percent":0}}},{"filename":"/src/tmux/cmd-confirm-before.c","summary":{"branches":{"count":34,"covered":0,"notcovered":34,"percent":0},"functions":{"count":4,"covered":0,"percent":0},"instantiations":{"count":4,"covered":0,"percent":0},"lines":{"count":81,"covered":0,"percent":0},"mcdc":{"count":0,"covered":0,"notcovered":0,"percent":0},"regions":{"count":51,"covered":0,"notcovered":51,"percent":0}}},{"filename":"/src/tmux/cmd-copy-mode.c","summary":{"branches":{"count":24,"covered":0,"notcovered":24,"percent":0},"functions":{"count":1,"covered":0,"percent":0},"instantiations":{"count":1,"covered":0,"percent":0},"lines":{"count":41,"covered":0,"percent":0},"mcdc":{"count":0,"covered":0,"notcovered":0,"percent":0},"regions":{"count":31,"covered":0,"notcovered":31,"percent":0}}},{"filename":"/src/tmux/cmd-detach-client.c","summary":{"branches":{"count":26,"covered":0,"notcovered":26,"percent":0},"functions":{"count":1,"covered":0,"percent":0},"instantiations":{"count":1,"covered":0,"percent":0},"lines":{"count":46,"covered":0,"percent":0},"mcdc":{"count":0,"covered":0,"notcovered":0,"percent":0},"regions":{"count":45,"covered":0,"notcovered":45,"percent":0}}},{"filename":"/src/tmux/cmd-display-menu.c","summary":{"branches":{"count":174,"covered":0,"notcovered":174,"percent":0},"functions":{"count":4,"covered":0,"percent":0},"instantiations":{"count":4,"covered":0,"percent":0},"lines":{"count":370,"covered":0,"percent":0},"mcdc":{"count":0,"covered":0,"notcovered":0,"percent":0},"regions":{"count":242,"covered":0,"notcovered":242,"percent":0}}},{"filename":"/src/tmux/cmd-display-message.c","summary":{"branches":{"count":48,"covered":0,"notcovered":48,"percent":0},"functions":{"count":2,"covered":0,"percent":0},"instantiations":{"count":2,"covered":0,"percent":0},"lines":{"count":87,"covered":0,"percent":0},"mcdc":{"count":0,"covered":0,"notcovered":0,"percent":0},"regions":{"count":64,"covered":0,"notcovered":64,"percent":0}}},{"filename":"/src/tmux/cmd-display-panes.c","summary":{"branches":{"count":100,"covered":0,"notcovered":100,"percent":0},"functions":{"count":6,"covered":0,"percent":0},"instantiations":{"count":6,"covered":0,"percent":0},"lines":{"count":208,"covered":0,"percent":0},"mcdc":{"count":0,"covered":0,"notcovered":0,"percent":0},"regions":{"count":144,"covered":0,"notcovered":144,"percent":0}}},{"filename":"/src/tmux/cmd-find-window.c","summary":{"branches":{"count":40,"covered":0,"notcovered":40,"percent":0},"functions":{"count":1,"covered":0,"percent":0},"instantiations":{"count":1,"covered":0,"percent":0},"lines":{"count":63,"covered":0,"percent":0},"mcdc":{"count":0,"covered":0,"notcovered":0,"percent":0},"regions":{"count":49,"covered":0,"notcovered":49,"percent":0}}},{"filename":"/src/tmux/cmd-find.c","summary":{"branches":{"count":562,"covered":11,"notcovered":551,"percent":1.9572953736654803},"functions":{"count":31,"covered":8,"percent":25.806451612903224},"instantiations":{"count":31,"covered":8,"percent":25.806451612903224},"lines":{"count":887,"covered":58,"percent":6.538895152198422},"mcdc":{"count":0,"covered":0,"notcovered":0,"percent":0},"regions":{"count":836,"covered":35,"notcovered":801,"percent":4.1866028708133971}}},{"filename":"/src/tmux/cmd-if-shell.c","summary":{"branches":{"count":42,"covered":0,"notcovered":42,"percent":0},"functions":{"count":4,"covered":0,"percent":0},"instantiations":{"count":4,"covered":0,"percent":0},"lines":{"count":104,"covered":0,"percent":0},"mcdc":{"count":0,"covered":0,"notcovered":0,"percent":0},"regions":{"count":61,"covered":0,"notcovered":61,"percent":0}}},{"filename":"/src/tmux/cmd-join-pane.c","summary":{"branches":{"count":38,"covered":0,"notcovered":38,"percent":0},"functions":{"count":1,"covered":0,"percent":0},"instantiations":{"count":1,"covered":0,"percent":0},"lines":{"count":100,"covered":0,"percent":0},"mcdc":{"count":0,"covered":0,"notcovered":0,"percent":0},"regions":{"count":63,"covered":0,"notcovered":63,"percent":0}}},{"filename":"/src/tmux/cmd-kill-pane.c","summary":{"branches":{"count":8,"covered":0,"notcovered":8,"percent":0},"functions":{"count":1,"covered":0,"percent":0},"instantiations":{"count":1,"covered":0,"percent":0},"lines":{"count":20,"covered":0,"percent":0},"mcdc":{"count":0,"covered":0,"notcovered":0,"percent":0},"regions":{"count":17,"covered":0,"notcovered":17,"percent":0}}},{"filename":"/src/tmux/cmd-kill-server.c","summary":{"branches":{"count":2,"covered":0,"notcovered":2,"percent":0},"functions":{"count":1,"covered":0,"percent":0},"instantiations":{"count":1,"covered":0,"percent":0},"lines":{"count":5,"covered":0,"percent":0},"mcdc":{"count":0,"covered":0,"notcovered":0,"percent":0},"regions":{"count":3,"covered":0,"notcovered":3,"percent":0}}},{"filename":"/src/tmux/cmd-kill-session.c","summary":{"branches":{"count":12,"covered":0,"notcovered":12,"percent":0},"functions":{"count":1,"covered":0,"percent":0},"instantiations":{"count":1,"covered":0,"percent":0},"lines":{"count":24,"covered":0,"percent":0},"mcdc":{"count":0,"covered":0,"notcovered":0,"percent":0},"regions":{"count":31,"covered":0,"notcovered":31,"percent":0}}},{"filename":"/src/tmux/cmd-kill-window.c","summary":{"branches":{"count":24,"covered":0,"notcovered":24,"percent":0},"functions":{"count":1,"covered":0,"percent":0},"instantiations":{"count":1,"covered":0,"percent":0},"lines":{"count":43,"covered":0,"percent":0},"mcdc":{"count":0,"covered":0,"notcovered":0,"percent":0},"regions":{"count":41,"covered":0,"notcovered":41,"percent":0}}},{"filename":"/src/tmux/cmd-list-buffers.c","summary":{"branches":{"count":8,"covered":0,"notcovered":8,"percent":0},"functions":{"count":1,"covered":0,"percent":0},"instantiations":{"count":1,"covered":0,"percent":0},"lines":{"count":29,"covered":0,"percent":0},"mcdc":{"count":0,"covered":0,"notcovered":0,"percent":0},"regions":{"count":12,"covered":0,"notcovered":12,"percent":0}}},{"filename":"/src/tmux/cmd-list-clients.c","summary":{"branches":{"count":16,"covered":0,"notcovered":16,"percent":0},"functions":{"count":1,"covered":0,"percent":0},"instantiations":{"count":1,"covered":0,"percent":0},"lines":{"count":40,"covered":0,"percent":0},"mcdc":{"count":0,"covered":0,"notcovered":0,"percent":0},"regions":{"count":27,"covered":0,"notcovered":27,"percent":0}}},{"filename":"/src/tmux/cmd-list-keys.c","summary":{"branches":{"count":140,"covered":0,"notcovered":140,"percent":0},"functions":{"count":6,"covered":0,"percent":0},"instantiations":{"count":6,"covered":0,"percent":0},"lines":{"count":279,"covered":0,"percent":0},"mcdc":{"count":0,"covered":0,"notcovered":0,"percent":0},"regions":{"count":206,"covered":0,"notcovered":206,"percent":0}}},{"filename":"/src/tmux/cmd-list-panes.c","summary":{"branches":{"count":24,"covered":0,"notcovered":24,"percent":0},"functions":{"count":4,"covered":0,"percent":0},"instantiations":{"count":4,"covered":0,"percent":0},"lines":{"count":78,"covered":0,"percent":0},"mcdc":{"count":0,"covered":0,"notcovered":0,"percent":0},"regions":{"count":41,"covered":0,"notcovered":41,"percent":0}}},{"filename":"/src/tmux/cmd-list-sessions.c","summary":{"branches":{"count":8,"covered":0,"notcovered":8,"percent":0},"functions":{"count":1,"covered":0,"percent":0},"instantiations":{"count":1,"covered":0,"percent":0},"lines":{"count":32,"covered":0,"percent":0},"mcdc":{"count":0,"covered":0,"notcovered":0,"percent":0},"regions":{"count":16,"covered":0,"notcovered":16,"percent":0}}},{"filename":"/src/tmux/cmd-list-windows.c","summary":{"branches":{"count":18,"covered":0,"notcovered":18,"percent":0},"functions":{"count":3,"covered":0,"percent":0},"instantiations":{"count":3,"covered":0,"percent":0},"lines":{"count":54,"covered":0,"percent":0},"mcdc":{"count":0,"covered":0,"notcovered":0,"percent":0},"regions":{"count":31,"covered":0,"notcovered":31,"percent":0}}},{"filename":"/src/tmux/cmd-load-buffer.c","summary":{"branches":{"count":22,"covered":0,"notcovered":22,"percent":0},"functions":{"count":2,"covered":0,"percent":0},"instantiations":{"count":2,"covered":0,"percent":0},"lines":{"count":49,"covered":0,"percent":0},"mcdc":{"count":0,"covered":0,"notcovered":0,"percent":0},"regions":{"count":28,"covered":0,"notcovered":28,"percent":0}}},{"filename":"/src/tmux/cmd-lock-server.c","summary":{"branches":{"count":4,"covered":0,"notcovered":4,"percent":0},"functions":{"count":1,"covered":0,"percent":0},"instantiations":{"count":1,"covered":0,"percent":0},"lines":{"count":12,"covered":0,"percent":0},"mcdc":{"count":0,"covered":0,"notcovered":0,"percent":0},"regions":{"count":7,"covered":0,"notcovered":7,"percent":0}}},{"filename":"/src/tmux/cmd-move-window.c","summary":{"branches":{"count":22,"covered":0,"notcovered":22,"percent":0},"functions":{"count":1,"covered":0,"percent":0},"instantiations":{"count":1,"covered":0,"percent":0},"lines":{"count":48,"covered":0,"percent":0},"mcdc":{"count":0,"covered":0,"notcovered":0,"percent":0},"regions":{"count":31,"covered":0,"notcovered":31,"percent":0}}},{"filename":"/src/tmux/cmd-new-session.c","summary":{"branches":{"count":144,"covered":0,"notcovered":144,"percent":0},"functions":{"count":1,"covered":0,"percent":0},"instantiations":{"count":1,"covered":0,"percent":0},"lines":{"count":246,"covered":0,"percent":0},"mcdc":{"count":0,"covered":0,"notcovered":0,"percent":0},"regions":{"count":185,"covered":0,"notcovered":185,"percent":0}}},{"filename":"/src/tmux/cmd-new-window.c","summary":{"branches":{"count":48,"covered":0,"notcovered":48,"percent":0},"functions":{"count":1,"covered":0,"percent":0},"instantiations":{"count":1,"covered":0,"percent":0},"lines":{"count":92,"covered":0,"percent":0},"mcdc":{"count":0,"covered":0,"notcovered":0,"percent":0},"regions":{"count":63,"covered":0,"notcovered":63,"percent":0}}},{"filename":"/src/tmux/cmd-parse.c","summary":{"branches":{"count":736,"covered":177,"notcovered":559,"percent":24.048913043478262},"functions":{"count":36,"covered":23,"percent":63.888888888888886},"instantiations":{"count":36,"covered":23,"percent":63.888888888888886},"lines":{"count":1677,"covered":452,"percent":26.952892069171142},"mcdc":{"count":0,"covered":0,"notcovered":0,"percent":0},"regions":{"count":1175,"covered":351,"notcovered":824,"percent":29.872340425531913}}},{"filename":"/src/tmux/cmd-paste-buffer.c","summary":{"branches":{"count":32,"covered":0,"notcovered":32,"percent":0},"functions":{"count":1,"covered":0,"percent":0},"instantiations":{"count":1,"covered":0,"percent":0},"lines":{"count":54,"covered":0,"percent":0},"mcdc":{"count":0,"covered":0,"notcovered":0,"percent":0},"regions":{"count":42,"covered":0,"notcovered":42,"percent":0}}},{"filename":"/src/tmux/cmd-pipe-pane.c","summary":{"branches":{"count":52,"covered":0,"notcovered":52,"percent":0},"functions":{"count":4,"covered":0,"percent":0},"instantiations":{"count":4,"covered":0,"percent":0},"lines":{"count":126,"covered":0,"percent":0},"mcdc":{"count":0,"covered":0,"notcovered":0,"percent":0},"regions":{"count":67,"covered":0,"notcovered":67,"percent":0}}},{"filename":"/src/tmux/cmd-queue.c","summary":{"branches":{"count":184,"covered":26,"notcovered":158,"percent":14.130434782608695},"functions":{"count":41,"covered":11,"percent":26.829268292682929},"instantiations":{"count":41,"covered":11,"percent":26.829268292682929},"lines":{"count":546,"covered":116,"percent":21.245421245421245},"mcdc":{"count":0,"covered":0,"notcovered":0,"percent":0},"regions":{"count":322,"covered":73,"notcovered":249,"percent":22.670807453416149}}},{"filename":"/src/tmux/cmd-refresh-client.c","summary":{"branches":{"count":138,"covered":0,"notcovered":138,"percent":0},"functions":{"count":6,"covered":0,"percent":0},"instantiations":{"count":6,"covered":0,"percent":0},"lines":{"count":251,"covered":0,"percent":0},"mcdc":{"count":0,"covered":0,"notcovered":0,"percent":0},"regions":{"count":216,"covered":0,"notcovered":216,"percent":0}}},{"filename":"/src/tmux/cmd-rename-session.c","summary":{"branches":{"count":6,"covered":0,"notcovered":6,"percent":0},"functions":{"count":1,"covered":0,"percent":0},"instantiations":{"count":1,"covered":0,"percent":0},"lines":{"count":30,"covered":0,"percent":0},"mcdc":{"count":0,"covered":0,"notcovered":0,"percent":0},"regions":{"count":13,"covered":0,"notcovered":13,"percent":0}}},{"filename":"/src/tmux/cmd-rename-window.c","summary":{"branches":{"count":0,"covered":0,"notcovered":0,"percent":0},"functions":{"count":1,"covered":0,"percent":0},"instantiations":{"count":1,"covered":0,"percent":0},"lines":{"count":13,"covered":0,"percent":0},"mcdc":{"count":0,"covered":0,"notcovered":0,"percent":0},"regions":{"count":1,"covered":0,"notcovered":1,"percent":0}}},{"filename":"/src/tmux/cmd-resize-pane.c","summary":{"branches":{"count":96,"covered":0,"notcovered":96,"percent":0},"functions":{"count":2,"covered":0,"percent":0},"instantiations":{"count":2,"covered":0,"percent":0},"lines":{"count":149,"covered":0,"percent":0},"mcdc":{"count":0,"covered":0,"notcovered":0,"percent":0},"regions":{"count":130,"covered":0,"notcovered":130,"percent":0}}},{"filename":"/src/tmux/cmd-resize-window.c","summary":{"branches":{"count":28,"covered":0,"notcovered":28,"percent":0},"functions":{"count":1,"covered":0,"percent":0},"instantiations":{"count":1,"covered":0,"percent":0},"lines":{"count":61,"covered":0,"percent":0},"mcdc":{"count":0,"covered":0,"notcovered":0,"percent":0},"regions":{"count":44,"covered":0,"notcovered":44,"percent":0}}},{"filename":"/src/tmux/cmd-respawn-pane.c","summary":{"branches":{"count":10,"covered":0,"notcovered":10,"percent":0},"functions":{"count":1,"covered":0,"percent":0},"instantiations":{"count":1,"covered":0,"percent":0},"lines":{"count":41,"covered":0,"percent":0},"mcdc":{"count":0,"covered":0,"notcovered":0,"percent":0},"regions":{"count":15,"covered":0,"notcovered":15,"percent":0}}},{"filename":"/src/tmux/cmd-respawn-window.c","summary":{"branches":{"count":10,"covered":0,"notcovered":10,"percent":0},"functions":{"count":1,"covered":0,"percent":0},"instantiations":{"count":1,"covered":0,"percent":0},"lines":{"count":39,"covered":0,"percent":0},"mcdc":{"count":0,"covered":0,"notcovered":0,"percent":0},"regions":{"count":14,"covered":0,"notcovered":14,"percent":0}}},{"filename":"/src/tmux/cmd-rotate-window.c","summary":{"branches":{"count":28,"covered":0,"notcovered":28,"percent":0},"functions":{"count":1,"covered":0,"percent":0},"instantiations":{"count":1,"covered":0,"percent":0},"lines":{"count":63,"covered":0,"percent":0},"mcdc":{"count":0,"covered":0,"notcovered":0,"percent":0},"regions":{"count":65,"covered":0,"notcovered":65,"percent":0}}},{"filename":"/src/tmux/cmd-run-shell.c","summary":{"branches":{"count":88,"covered":0,"notcovered":88,"percent":0},"functions":{"count":6,"covered":0,"percent":0},"instantiations":{"count":6,"covered":0,"percent":0},"lines":{"count":187,"covered":0,"percent":0},"mcdc":{"count":0,"covered":0,"notcovered":0,"percent":0},"regions":{"count":117,"covered":0,"notcovered":117,"percent":0}}},{"filename":"/src/tmux/cmd-save-buffer.c","summary":{"branches":{"count":20,"covered":0,"notcovered":20,"percent":0},"functions":{"count":2,"covered":0,"percent":0},"instantiations":{"count":2,"covered":0,"percent":0},"lines":{"count":52,"covered":0,"percent":0},"mcdc":{"count":0,"covered":0,"notcovered":0,"percent":0},"regions":{"count":31,"covered":0,"notcovered":31,"percent":0}}},{"filename":"/src/tmux/cmd-select-layout.c","summary":{"branches":{"count":26,"covered":0,"notcovered":26,"percent":0},"functions":{"count":1,"covered":0,"percent":0},"instantiations":{"count":1,"covered":0,"percent":0},"lines":{"count":66,"covered":0,"percent":0},"mcdc":{"count":0,"covered":0,"notcovered":0,"percent":0},"regions":{"count":38,"covered":0,"notcovered":38,"percent":0}}},{"filename":"/src/tmux/cmd-select-pane.c","summary":{"branches":{"count":98,"covered":0,"notcovered":98,"percent":0},"functions":{"count":2,"covered":0,"percent":0},"instantiations":{"count":2,"covered":0,"percent":0},"lines":{"count":161,"covered":0,"percent":0},"mcdc":{"count":0,"covered":0,"notcovered":0,"percent":0},"regions":{"count":149,"covered":0,"notcovered":149,"percent":0}}},{"filename":"/src/tmux/cmd-select-window.c","summary":{"branches":{"count":36,"covered":0,"notcovered":36,"percent":0},"functions":{"count":1,"covered":0,"percent":0},"instantiations":{"count":1,"covered":0,"percent":0},"lines":{"count":58,"covered":0,"percent":0},"mcdc":{"count":0,"covered":0,"notcovered":0,"percent":0},"regions":{"count":45,"covered":0,"notcovered":45,"percent":0}}},{"filename":"/src/tmux/cmd-send-keys.c","summary":{"branches":{"count":84,"covered":0,"notcovered":84,"percent":0},"functions":{"count":3,"covered":0,"percent":0},"instantiations":{"count":3,"covered":0,"percent":0},"lines":{"count":158,"covered":0,"percent":0},"mcdc":{"count":0,"covered":0,"notcovered":0,"percent":0},"regions":{"count":124,"covered":0,"notcovered":124,"percent":0}}},{"filename":"/src/tmux/cmd-server-access.c","summary":{"branches":{"count":46,"covered":0,"notcovered":46,"percent":0},"functions":{"count":2,"covered":0,"percent":0},"instantiations":{"count":2,"covered":0,"percent":0},"lines":{"count":83,"covered":0,"percent":0},"mcdc":{"count":0,"covered":0,"notcovered":0,"percent":0},"regions":{"count":69,"covered":0,"notcovered":69,"percent":0}}},{"filename":"/src/tmux/cmd-set-buffer.c","summary":{"branches":{"count":34,"covered":0,"notcovered":34,"percent":0},"functions":{"count":1,"covered":0,"percent":0},"instantiations":{"count":1,"covered":0,"percent":0},"lines":{"count":72,"covered":0,"percent":0},"mcdc":{"count":0,"covered":0,"notcovered":0,"percent":0},"regions":{"count":48,"covered":0,"notcovered":48,"percent":0}}},{"filename":"/src/tmux/cmd-set-environment.c","summary":{"branches":{"count":28,"covered":0,"notcovered":28,"percent":0},"functions":{"count":1,"covered":0,"percent":0},"instantiations":{"count":1,"covered":0,"percent":0},"lines":{"count":67,"covered":0,"percent":0},"mcdc":{"count":0,"covered":0,"notcovered":0,"percent":0},"regions":{"count":44,"covered":0,"notcovered":44,"percent":0}}},{"filename":"/src/tmux/cmd-set-option.c","summary":{"branches":{"count":80,"covered":0,"notcovered":80,"percent":0},"functions":{"count":2,"covered":0,"percent":0},"instantiations":{"count":2,"covered":0,"percent":0},"lines":{"count":142,"covered":0,"percent":0},"mcdc":{"count":0,"covered":0,"notcovered":0,"percent":0},"regions":{"count":114,"covered":0,"notcovered":114,"percent":0}}},{"filename":"/src/tmux/cmd-show-environment.c","summary":{"branches":{"count":40,"covered":0,"notcovered":40,"percent":0},"functions":{"count":3,"covered":0,"percent":0},"instantiations":{"count":3,"covered":0,"percent":0},"lines":{"count":75,"covered":0,"percent":0},"mcdc":{"count":0,"covered":0,"notcovered":0,"percent":0},"regions":{"count":57,"covered":0,"notcovered":57,"percent":0}}},{"filename":"/src/tmux/cmd-show-messages.c","summary":{"branches":{"count":18,"covered":0,"notcovered":18,"percent":0},"functions":{"count":2,"covered":0,"percent":0},"instantiations":{"count":2,"covered":0,"percent":0},"lines":{"count":50,"covered":0,"percent":0},"mcdc":{"count":0,"covered":0,"notcovered":0,"percent":0},"regions":{"count":34,"covered":0,"notcovered":34,"percent":0}}},{"filename":"/src/tmux/cmd-show-options.c","summary":{"branches":{"count":80,"covered":0,"notcovered":80,"percent":0},"functions":{"count":3,"covered":0,"percent":0},"instantiations":{"count":3,"covered":0,"percent":0},"lines":{"count":163,"covered":0,"percent":0},"mcdc":{"count":0,"covered":0,"notcovered":0,"percent":0},"regions":{"count":117,"covered":0,"notcovered":117,"percent":0}}},{"filename":"/src/tmux/cmd-show-prompt-history.c","summary":{"branches":{"count":18,"covered":0,"notcovered":18,"percent":0},"functions":{"count":1,"covered":0,"percent":0},"instantiations":{"count":1,"covered":0,"percent":0},"lines":{"count":51,"covered":0,"percent":0},"mcdc":{"count":0,"covered":0,"notcovered":0,"percent":0},"regions":{"count":32,"covered":0,"notcovered":32,"percent":0}}},{"filename":"/src/tmux/cmd-source-file.c","summary":{"branches":{"count":60,"covered":0,"notcovered":60,"percent":0},"functions":{"count":5,"covered":0,"percent":0},"instantiations":{"count":5,"covered":0,"percent":0},"lines":{"count":149,"covered":0,"percent":0},"mcdc":{"count":0,"covered":0,"notcovered":0,"percent":0},"regions":{"count":92,"covered":0,"notcovered":92,"percent":0}}},{"filename":"/src/tmux/cmd-split-window.c","summary":{"branches":{"count":66,"covered":0,"notcovered":66,"percent":0},"functions":{"count":1,"covered":0,"percent":0},"instantiations":{"count":1,"covered":0,"percent":0},"lines":{"count":128,"covered":0,"percent":0},"mcdc":{"count":0,"covered":0,"notcovered":0,"percent":0},"regions":{"count":76,"covered":0,"notcovered":76,"percent":0}}},{"filename":"/src/tmux/cmd-swap-pane.c","summary":{"branches":{"count":46,"covered":0,"notcovered":46,"percent":0},"functions":{"count":1,"covered":0,"percent":0},"instantiations":{"count":1,"covered":0,"percent":0},"lines":{"count":92,"covered":0,"percent":0},"mcdc":{"count":0,"covered":0,"notcovered":0,"percent":0},"regions":{"count":76,"covered":0,"notcovered":76,"percent":0}}},{"filename":"/src/tmux/cmd-swap-window.c","summary":{"branches":{"count":20,"covered":0,"notcovered":20,"percent":0},"functions":{"count":1,"covered":0,"percent":0},"instantiations":{"count":1,"covered":0,"percent":0},"lines":{"count":41,"covered":0,"percent":0},"mcdc":{"count":0,"covered":0,"notcovered":0,"percent":0},"regions":{"count":37,"covered":0,"notcovered":37,"percent":0}}},{"filename":"/src/tmux/cmd-switch-client.c","summary":{"branches":{"count":48,"covered":0,"notcovered":48,"percent":0},"functions":{"count":1,"covered":0,"percent":0},"instantiations":{"count":1,"covered":0,"percent":0},"lines":{"count":87,"covered":0,"percent":0},"mcdc":{"count":0,"covered":0,"notcovered":0,"percent":0},"regions":{"count":67,"covered":0,"notcovered":67,"percent":0}}},{"filename":"/src/tmux/cmd-unbind-key.c","summary":{"branches":{"count":32,"covered":0,"notcovered":32,"percent":0},"functions":{"count":1,"covered":0,"percent":0},"instantiations":{"count":1,"covered":0,"percent":0},"lines":{"count":55,"covered":0,"percent":0},"mcdc":{"count":0,"covered":0,"notcovered":0,"percent":0},"regions":{"count":45,"covered":0,"notcovered":45,"percent":0}}},{"filename":"/src/tmux/cmd-wait-for.c","summary":{"branches":{"count":60,"covered":0,"notcovered":60,"percent":0},"functions":{"count":9,"covered":0,"percent":0},"instantiations":{"count":9,"covered":0,"percent":0},"lines":{"count":129,"covered":0,"percent":0},"mcdc":{"count":0,"covered":0,"notcovered":0,"percent":0},"regions":{"count":142,"covered":0,"notcovered":142,"percent":0}}},{"filename":"/src/tmux/cmd.c","summary":{"branches":{"count":192,"covered":34,"notcovered":158,"percent":17.708333333333336},"functions":{"count":33,"covered":11,"percent":33.333333333333329},"instantiations":{"count":33,"covered":11,"percent":33.333333333333329},"lines":{"count":442,"covered":118,"percent":26.696832579185521},"mcdc":{"count":0,"covered":0,"notcovered":0,"percent":0},"regions":{"count":343,"covered":107,"notcovered":236,"percent":31.195335276967928}}},{"filename":"/src/tmux/colour.c","summary":{"branches":{"count":294,"covered":73,"notcovered":221,"percent":24.829931972789115},"functions":{"count":19,"covered":13,"percent":68.421052631578945},"instantiations":{"count":19,"covered":13,"percent":68.421052631578945},"lines":{"count":1013,"covered":713,"percent":70.384995064165849},"mcdc":{"count":0,"covered":0,"notcovered":0,"percent":0},"regions":{"count":373,"covered":143,"notcovered":230,"percent":38.337801608579085}}},{"filename":"/src/tmux/compat.h","summary":{"branches":{"count":0,"covered":0,"notcovered":0,"percent":0},"functions":{"count":0,"covered":0,"percent":0},"instantiations":{"count":0,"covered":0,"percent":0},"lines":{"count":0,"covered":0,"percent":0},"mcdc":{"count":0,"covered":0,"notcovered":0,"percent":0},"regions":{"count":0,"covered":0,"notcovered":0,"percent":0}}},{"filename":"/src/tmux/compat/bitstring.h","summary":{"branches":{"count":0,"covered":0,"notcovered":0,"percent":0},"functions":{"count":0,"covered":0,"percent":0},"instantiations":{"count":0,"covered":0,"percent":0},"lines":{"count":0,"covered":0,"percent":0},"mcdc":{"count":0,"covered":0,"notcovered":0,"percent":0},"regions":{"count":0,"covered":0,"notcovered":0,"percent":0}}},{"filename":"/src/tmux/compat/closefrom.c","summary":{"branches":{"count":24,"covered":0,"notcovered":24,"percent":0},"functions":{"count":2,"covered":0,"percent":0},"instantiations":{"count":2,"covered":0,"percent":0},"lines":{"count":28,"covered":0,"percent":0},"mcdc":{"count":0,"covered":0,"notcovered":0,"percent":0},"regions":{"count":29,"covered":0,"notcovered":29,"percent":0}}},{"filename":"/src/tmux/compat/fdforkpty.c","summary":{"branches":{"count":0,"covered":0,"notcovered":0,"percent":0},"functions":{"count":2,"covered":0,"percent":0},"instantiations":{"count":2,"covered":0,"percent":0},"lines":{"count":6,"covered":0,"percent":0},"mcdc":{"count":0,"covered":0,"notcovered":0,"percent":0},"regions":{"count":2,"covered":0,"notcovered":2,"percent":0}}},{"filename":"/src/tmux/compat/fgetln.c","summary":{"branches":{"count":18,"covered":0,"notcovered":18,"percent":0},"functions":{"count":1,"covered":0,"percent":0},"instantiations":{"count":1,"covered":0,"percent":0},"lines":{"count":32,"covered":0,"percent":0},"mcdc":{"count":0,"covered":0,"notcovered":0,"percent":0},"regions":{"count":25,"covered":0,"notcovered":25,"percent":0}}},{"filename":"/src/tmux/compat/freezero.c","summary":{"branches":{"count":2,"covered":0,"notcovered":2,"percent":0},"functions":{"count":1,"covered":0,"percent":0},"instantiations":{"count":1,"covered":0,"percent":0},"lines":{"count":6,"covered":0,"percent":0},"mcdc":{"count":0,"covered":0,"notcovered":0,"percent":0},"regions":{"count":3,"covered":0,"notcovered":3,"percent":0}}},{"filename":"/src/tmux/compat/getdtablecount.c","summary":{"branches":{"count":4,"covered":0,"notcovered":4,"percent":0},"functions":{"count":1,"covered":0,"percent":0},"instantiations":{"count":1,"covered":0,"percent":0},"lines":{"count":11,"covered":0,"percent":0},"mcdc":{"count":0,"covered":0,"notcovered":0,"percent":0},"regions":{"count":5,"covered":0,"notcovered":5,"percent":0}}},{"filename":"/src/tmux/compat/getopt_long.c","summary":{"branches":{"count":192,"covered":0,"notcovered":192,"percent":0},"functions":{"count":5,"covered":0,"percent":0},"instantiations":{"count":5,"covered":0,"percent":0},"lines":{"count":252,"covered":0,"percent":0},"mcdc":{"count":0,"covered":0,"notcovered":0,"percent":0},"regions":{"count":325,"covered":0,"notcovered":325,"percent":0}}},{"filename":"/src/tmux/compat/getpeereid.c","summary":{"branches":{"count":2,"covered":0,"notcovered":2,"percent":0},"functions":{"count":1,"covered":0,"percent":0},"instantiations":{"count":1,"covered":0,"percent":0},"lines":{"count":10,"covered":0,"percent":0},"mcdc":{"count":0,"covered":0,"notcovered":0,"percent":0},"regions":{"count":4,"covered":0,"notcovered":4,"percent":0}}},{"filename":"/src/tmux/compat/getprogname.c","summary":{"branches":{"count":0,"covered":0,"notcovered":0,"percent":0},"functions":{"count":1,"covered":0,"percent":0},"instantiations":{"count":1,"covered":0,"percent":0},"lines":{"count":3,"covered":0,"percent":0},"mcdc":{"count":0,"covered":0,"notcovered":0,"percent":0},"regions":{"count":1,"covered":0,"notcovered":1,"percent":0}}},{"filename":"/src/tmux/compat/htonll.c","summary":{"branches":{"count":0,"covered":0,"notcovered":0,"percent":0},"functions":{"count":1,"covered":0,"percent":0},"instantiations":{"count":1,"covered":0,"percent":0},"lines":{"count":7,"covered":0,"percent":0},"mcdc":{"count":0,"covered":0,"notcovered":0,"percent":0},"regions":{"count":1,"covered":0,"notcovered":1,"percent":0}}},{"filename":"/src/tmux/compat/imsg-buffer.c","summary":{"branches":{"count":214,"covered":0,"notcovered":214,"percent":0},"functions":{"count":60,"covered":0,"percent":0},"instantiations":{"count":60,"covered":0,"percent":0},"lines":{"count":610,"covered":0,"percent":0},"mcdc":{"count":0,"covered":0,"notcovered":0,"percent":0},"regions":{"count":412,"covered":0,"notcovered":412,"percent":0}}},{"filename":"/src/tmux/compat/imsg.c","summary":{"branches":{"count":76,"covered":0,"notcovered":76,"percent":0},"functions":{"count":25,"covered":0,"percent":0},"instantiations":{"count":25,"covered":0,"percent":0},"lines":{"count":226,"covered":0,"percent":0},"mcdc":{"count":0,"covered":0,"notcovered":0,"percent":0},"regions":{"count":150,"covered":0,"notcovered":150,"percent":0}}},{"filename":"/src/tmux/compat/imsg.h","summary":{"branches":{"count":0,"covered":0,"notcovered":0,"percent":0},"functions":{"count":0,"covered":0,"percent":0},"instantiations":{"count":0,"covered":0,"percent":0},"lines":{"count":0,"covered":0,"percent":0},"mcdc":{"count":0,"covered":0,"notcovered":0,"percent":0},"regions":{"count":0,"covered":0,"notcovered":0,"percent":0}}},{"filename":"/src/tmux/compat/ntohll.c","summary":{"branches":{"count":0,"covered":0,"notcovered":0,"percent":0},"functions":{"count":1,"covered":0,"percent":0},"instantiations":{"count":1,"covered":0,"percent":0},"lines":{"count":7,"covered":0,"percent":0},"mcdc":{"count":0,"covered":0,"notcovered":0,"percent":0},"regions":{"count":1,"covered":0,"notcovered":1,"percent":0}}},{"filename":"/src/tmux/compat/queue.h","summary":{"branches":{"count":0,"covered":0,"notcovered":0,"percent":0},"functions":{"count":0,"covered":0,"percent":0},"instantiations":{"count":0,"covered":0,"percent":0},"lines":{"count":0,"covered":0,"percent":0},"mcdc":{"count":0,"covered":0,"notcovered":0,"percent":0},"regions":{"count":0,"covered":0,"notcovered":0,"percent":0}}},{"filename":"/src/tmux/compat/recallocarray.c","summary":{"branches":{"count":28,"covered":1,"notcovered":27,"percent":3.5714285714285712},"functions":{"count":1,"covered":1,"percent":100},"instantiations":{"count":1,"covered":1,"percent":100},"lines":{"count":36,"covered":5,"percent":13.888888888888889},"mcdc":{"count":0,"covered":0,"notcovered":0,"percent":0},"regions":{"count":41,"covered":3,"notcovered":38,"percent":7.3170731707317067}}},{"filename":"/src/tmux/compat/setproctitle.c","summary":{"branches":{"count":4,"covered":0,"notcovered":4,"percent":0},"functions":{"count":1,"covered":0,"percent":0},"instantiations":{"count":1,"covered":0,"percent":0},"lines":{"count":15,"covered":0,"percent":0},"mcdc":{"count":0,"covered":0,"notcovered":0,"percent":0},"regions":{"count":5,"covered":0,"notcovered":5,"percent":0}}},{"filename":"/src/tmux/compat/strlcat.c","summary":{"branches":{"count":10,"covered":6,"notcovered":4,"percent":60},"functions":{"count":1,"covered":1,"percent":100},"instantiations":{"count":1,"covered":1,"percent":100},"lines":{"count":21,"covered":19,"percent":90.476190476190482},"mcdc":{"count":0,"covered":0,"notcovered":0,"percent":0},"regions":{"count":12,"covered":10,"notcovered":2,"percent":83.333333333333343}}},{"filename":"/src/tmux/compat/strlcpy.c","summary":{"branches":{"count":14,"covered":0,"notcovered":14,"percent":0},"functions":{"count":1,"covered":0,"percent":0},"instantiations":{"count":1,"covered":0,"percent":0},"lines":{"count":18,"covered":0,"percent":0},"mcdc":{"count":0,"covered":0,"notcovered":0,"percent":0},"regions":{"count":15,"covered":0,"notcovered":15,"percent":0}}},{"filename":"/src/tmux/compat/strtonum.c","summary":{"branches":{"count":22,"covered":18,"notcovered":4,"percent":81.818181818181827},"functions":{"count":1,"covered":1,"percent":100},"instantiations":{"count":1,"covered":1,"percent":100},"lines":{"count":33,"covered":32,"percent":96.969696969696969},"mcdc":{"count":0,"covered":0,"notcovered":0,"percent":0},"regions":{"count":30,"covered":28,"notcovered":2,"percent":93.333333333333329}}},{"filename":"/src/tmux/compat/tree.h","summary":{"branches":{"count":226,"covered":192,"notcovered":34,"percent":84.955752212389385},"functions":{"count":9,"covered":8,"percent":88.888888888888886},"instantiations":{"count":261,"covered":50,"percent":19.157088122605366},"lines":{"count":293,"covered":275,"percent":93.856655290102381},"mcdc":{"count":0,"covered":0,"notcovered":0,"percent":0},"regions":{"count":728,"covered":694,"notcovered":34,"percent":95.329670329670336}}},{"filename":"/src/tmux/compat/unvis.c","summary":{"branches":{"count":126,"covered":0,"notcovered":126,"percent":0},"functions":{"count":3,"covered":0,"percent":0},"instantiations":{"count":3,"covered":0,"percent":0},"lines":{"count":184,"covered":0,"percent":0},"mcdc":{"count":0,"covered":0,"notcovered":0,"percent":0},"regions":{"count":173,"covered":0,"notcovered":173,"percent":0}}},{"filename":"/src/tmux/compat/vis.c","summary":{"branches":{"count":158,"covered":42,"notcovered":116,"percent":26.582278481012654},"functions":{"count":5,"covered":1,"percent":20},"instantiations":{"count":5,"covered":1,"percent":20},"lines":{"count":153,"covered":24,"percent":15.686274509803921},"mcdc":{"count":0,"covered":0,"notcovered":0,"percent":0},"regions":{"count":191,"covered":62,"notcovered":129,"percent":32.460732984293195}}},{"filename":"/src/tmux/compat/vis.h","summary":{"branches":{"count":0,"covered":0,"notcovered":0,"percent":0},"functions":{"count":0,"covered":0,"percent":0},"instantiations":{"count":0,"covered":0,"percent":0},"lines":{"count":0,"covered":0,"percent":0},"mcdc":{"count":0,"covered":0,"notcovered":0,"percent":0},"regions":{"count":0,"covered":0,"notcovered":0,"percent":0}}},{"filename":"/src/tmux/control-notify.c","summary":{"branches":{"count":110,"covered":3,"notcovered":107,"percent":2.7272727272727271},"functions":{"count":14,"covered":3,"percent":21.428571428571427},"instantiations":{"count":14,"covered":3,"percent":21.428571428571427},"lines":{"count":157,"covered":13,"percent":8.2802547770700627},"mcdc":{"count":0,"covered":0,"notcovered":0,"percent":0},"regions":{"count":246,"covered":15,"notcovered":231,"percent":6.0975609756097562}}},{"filename":"/src/tmux/control.c","summary":{"branches":{"count":270,"covered":0,"notcovered":270,"percent":0},"functions":{"count":41,"covered":0,"percent":0},"instantiations":{"count":41,"covered":0,"percent":0},"lines":{"count":699,"covered":0,"percent":0},"mcdc":{"count":0,"covered":0,"notcovered":0,"percent":0},"regions":{"count":565,"covered":0,"notcovered":565,"percent":0}}},{"filename":"/src/tmux/environ.c","summary":{"branches":{"count":48,"covered":0,"notcovered":48,"percent":0},"functions":{"count":15,"covered":1,"percent":6.666666666666667},"instantiations":{"count":15,"covered":1,"percent":6.666666666666667},"lines":{"count":163,"covered":6,"percent":3.6809815950920246},"mcdc":{"count":0,"covered":0,"notcovered":0,"percent":0},"regions":{"count":103,"covered":4,"notcovered":99,"percent":3.8834951456310676}}},{"filename":"/src/tmux/file.c","summary":{"branches":{"count":214,"covered":0,"notcovered":214,"percent":0},"functions":{"count":31,"covered":0,"percent":0},"instantiations":{"count":31,"covered":0,"percent":0},"lines":{"count":596,"covered":0,"percent":0},"mcdc":{"count":0,"covered":0,"notcovered":0,"percent":0},"regions":{"count":372,"covered":0,"notcovered":372,"percent":0}}},{"filename":"/src/tmux/format-draw.c","summary":{"branches":{"count":400,"covered":0,"notcovered":400,"percent":0},"functions":{"count":16,"covered":0,"percent":0},"instantiations":{"count":16,"covered":0,"percent":0},"lines":{"count":833,"covered":0,"percent":0},"mcdc":{"count":0,"covered":0,"notcovered":0,"percent":0},"regions":{"count":503,"covered":0,"notcovered":503,"percent":0}}},{"filename":"/src/tmux/format.c","summary":{"branches":{"count":1700,"covered":205,"notcovered":1495,"percent":12.058823529411764},"functions":{"count":248,"covered":189,"percent":76.209677419354833},"instantiations":{"count":248,"covered":189,"percent":76.209677419354833},"lines":{"count":3408,"covered":961,"percent":28.198356807511736},"mcdc":{"count":0,"covered":0,"notcovered":0,"percent":0},"regions":{"count":2708,"covered":616,"notcovered":2092,"percent":22.747415066469721}}},{"filename":"/src/tmux/fuzz/input-fuzzer.c","summary":{"branches":{"count":16,"covered":13,"notcovered":3,"percent":81.25},"functions":{"count":2,"covered":2,"percent":100},"instantiations":{"count":2,"covered":2,"percent":100},"lines":{"count":49,"covered":46,"percent":93.877551020408163},"mcdc":{"count":0,"covered":0,"notcovered":0,"percent":0},"regions":{"count":27,"covered":24,"notcovered":3,"percent":88.888888888888886}}},{"filename":"/src/tmux/grid-reader.c","summary":{"branches":{"count":176,"covered":0,"notcovered":176,"percent":0},"functions":{"count":18,"covered":0,"percent":0},"instantiations":{"count":18,"covered":0,"percent":0},"lines":{"count":289,"covered":0,"percent":0},"mcdc":{"count":0,"covered":0,"notcovered":0,"percent":0},"regions":{"count":266,"covered":0,"notcovered":266,"percent":0}}},{"filename":"/src/tmux/grid-view.c","summary":{"branches":{"count":18,"covered":3,"notcovered":15,"percent":16.666666666666664},"functions":{"count":15,"covered":13,"percent":86.666666666666671},"instantiations":{"count":15,"covered":13,"percent":86.666666666666671},"lines":{"count":112,"covered":78,"percent":69.642857142857139},"mcdc":{"count":0,"covered":0,"notcovered":0,"percent":0},"regions":{"count":73,"covered":47,"notcovered":26,"percent":64.38356164383562}}},{"filename":"/src/tmux/grid.c","summary":{"branches":{"count":554,"covered":165,"notcovered":389,"percent":29.783393501805055},"functions":{"count":53,"covered":28,"percent":52.830188679245282},"instantiations":{"count":53,"covered":28,"percent":52.830188679245282},"lines":{"count":1068,"covered":358,"percent":33.520599250936328},"mcdc":{"count":0,"covered":0,"notcovered":0,"percent":0},"regions":{"count":802,"covered":293,"notcovered":509,"percent":36.533665835411469}}},{"filename":"/src/tmux/hyperlinks.c","summary":{"branches":{"count":32,"covered":23,"notcovered":9,"percent":71.875},"functions":{"count":9,"covered":7,"percent":77.777777777777786},"instantiations":{"count":9,"covered":7,"percent":77.777777777777786},"lines":{"count":96,"covered":78,"percent":81.25},"mcdc":{"count":0,"covered":0,"notcovered":0,"percent":0},"regions":{"count":76,"covered":64,"notcovered":12,"percent":84.210526315789465}}},{"filename":"/src/tmux/input-keys.c","summary":{"branches":{"count":254,"covered":0,"notcovered":254,"percent":0},"functions":{"count":12,"covered":0,"percent":0},"instantiations":{"count":12,"covered":0,"percent":0},"lines":{"count":316,"covered":0,"percent":0},"mcdc":{"count":0,"covered":0,"notcovered":0,"percent":0},"regions":{"count":470,"covered":0,"notcovered":470,"percent":0}}},{"filename":"/src/tmux/input.c","summary":{"branches":{"count":1090,"covered":985,"notcovered":105,"percent":90.366972477064223},"functions":{"count":64,"covered":58,"percent":90.625},"instantiations":{"count":64,"covered":58,"percent":90.625},"lines":{"count":1795,"covered":1657,"percent":92.311977715877433},"mcdc":{"count":0,"covered":0,"notcovered":0,"percent":0},"regions":{"count":1245,"covered":1145,"notcovered":100,"percent":91.967871485943775}}},{"filename":"/src/tmux/job.c","summary":{"branches":{"count":146,"covered":0,"notcovered":146,"percent":0},"functions":{"count":14,"covered":0,"percent":0},"instantiations":{"count":14,"covered":0,"percent":0},"lines":{"count":264,"covered":0,"percent":0},"mcdc":{"count":0,"covered":0,"notcovered":0,"percent":0},"regions":{"count":220,"covered":0,"notcovered":220,"percent":0}}},{"filename":"/src/tmux/key-bindings.c","summary":{"branches":{"count":82,"covered":0,"notcovered":82,"percent":0},"functions":{"count":20,"covered":0,"percent":0},"instantiations":{"count":20,"covered":0,"percent":0},"lines":{"count":496,"covered":0,"percent":0},"mcdc":{"count":0,"covered":0,"notcovered":0,"percent":0},"regions":{"count":187,"covered":0,"notcovered":187,"percent":0}}},{"filename":"/src/tmux/key-string.c","summary":{"branches":{"count":162,"covered":0,"notcovered":162,"percent":0},"functions":{"count":4,"covered":0,"percent":0},"instantiations":{"count":4,"covered":0,"percent":0},"lines":{"count":230,"covered":0,"percent":0},"mcdc":{"count":0,"covered":0,"notcovered":0,"percent":0},"regions":{"count":263,"covered":0,"notcovered":263,"percent":0}}},{"filename":"/src/tmux/layout-custom.c","summary":{"branches":{"count":138,"covered":0,"notcovered":138,"percent":0},"functions":{"count":8,"covered":0,"percent":0},"instantiations":{"count":8,"covered":0,"percent":0},"lines":{"count":259,"covered":0,"percent":0},"mcdc":{"count":0,"covered":0,"notcovered":0,"percent":0},"regions":{"count":200,"covered":0,"notcovered":200,"percent":0}}},{"filename":"/src/tmux/layout-set.c","summary":{"branches":{"count":164,"covered":0,"notcovered":164,"percent":0},"functions":{"count":12,"covered":0,"percent":0},"instantiations":{"count":12,"covered":0,"percent":0},"lines":{"count":460,"covered":0,"percent":0},"mcdc":{"count":0,"covered":0,"notcovered":0,"percent":0},"regions":{"count":364,"covered":0,"notcovered":364,"percent":0}}},{"filename":"/src/tmux/layout.c","summary":{"branches":{"count":426,"covered":3,"notcovered":423,"percent":0.70422535211267612},"functions":{"count":33,"covered":1,"percent":3.0303030303030303},"instantiations":{"count":33,"covered":1,"percent":3.0303030303030303},"lines":{"count":791,"covered":12,"percent":1.5170670037926675},"mcdc":{"count":0,"covered":0,"notcovered":0,"percent":0},"regions":{"count":716,"covered":11,"notcovered":705,"percent":1.5363128491620111}}},{"filename":"/src/tmux/log.c","summary":{"branches":{"count":20,"covered":1,"notcovered":19,"percent":5},"functions":{"count":10,"covered":2,"percent":20},"instantiations":{"count":10,"covered":2,"percent":20},"lines":{"count":82,"covered":7,"percent":8.536585365853659},"mcdc":{"count":0,"covered":0,"notcovered":0,"percent":0},"regions":{"count":42,"covered":4,"notcovered":38,"percent":9.5238095238095237}}},{"filename":"/src/tmux/menu.c","summary":{"branches":{"count":270,"covered":0,"notcovered":270,"percent":0},"functions":{"count":12,"covered":0,"percent":0},"instantiations":{"count":12,"covered":0,"percent":0},"lines":{"count":412,"covered":0,"percent":0},"mcdc":{"count":0,"covered":0,"notcovered":0,"percent":0},"regions":{"count":362,"covered":0,"notcovered":362,"percent":0}}},{"filename":"/src/tmux/mode-tree.c","summary":{"branches":{"count":530,"covered":0,"notcovered":530,"percent":0},"functions":{"count":43,"covered":0,"percent":0},"instantiations":{"count":43,"covered":0,"percent":0},"lines":{"count":973,"covered":0,"percent":0},"mcdc":{"count":0,"covered":0,"notcovered":0,"percent":0},"regions":{"count":790,"covered":0,"notcovered":790,"percent":0}}},{"filename":"/src/tmux/names.c","summary":{"branches":{"count":46,"covered":0,"notcovered":46,"percent":0},"functions":{"count":6,"covered":0,"percent":0},"instantiations":{"count":6,"covered":0,"percent":0},"lines":{"count":104,"covered":0,"percent":0},"mcdc":{"count":0,"covered":0,"notcovered":0,"percent":0},"regions":{"count":64,"covered":0,"notcovered":64,"percent":0}}},{"filename":"/src/tmux/notify.c","summary":{"branches":{"count":96,"covered":47,"notcovered":49,"percent":48.958333333333329},"functions":{"count":12,"covered":6,"percent":50},"instantiations":{"count":12,"covered":6,"percent":50},"lines":{"count":215,"covered":106,"percent":49.302325581395351},"mcdc":{"count":0,"covered":0,"notcovered":0,"percent":0},"regions":{"count":120,"covered":65,"notcovered":55,"percent":54.166666666666664}}},{"filename":"/src/tmux/options.c","summary":{"branches":{"count":582,"covered":106,"notcovered":476,"percent":18.213058419243985},"functions":{"count":56,"covered":25,"percent":44.642857142857146},"instantiations":{"count":56,"covered":25,"percent":44.642857142857146},"lines":{"count":944,"covered":244,"percent":25.847457627118644},"mcdc":{"count":0,"covered":0,"notcovered":0,"percent":0},"regions":{"count":862,"covered":221,"notcovered":641,"percent":25.638051044083525}}},{"filename":"/src/tmux/osdep-linux.c","summary":{"branches":{"count":18,"covered":0,"notcovered":18,"percent":0},"functions":{"count":3,"covered":1,"percent":33.333333333333329},"instantiations":{"count":3,"covered":1,"percent":33.333333333333329},"lines":{"count":55,"covered":7,"percent":12.727272727272727},"mcdc":{"count":0,"covered":0,"notcovered":0,"percent":0},"regions":{"count":26,"covered":1,"notcovered":25,"percent":3.8461538461538463}}},{"filename":"/src/tmux/paste.c","summary":{"branches":{"count":78,"covered":21,"notcovered":57,"percent":26.923076923076923},"functions":{"count":16,"covered":7,"percent":43.75},"instantiations":{"count":16,"covered":7,"percent":43.75},"lines":{"count":180,"covered":69,"percent":38.333333333333336},"mcdc":{"count":0,"covered":0,"notcovered":0,"percent":0},"regions":{"count":132,"covered":51,"notcovered":81,"percent":38.636363636363633}}},{"filename":"/src/tmux/popup.c","summary":{"branches":{"count":256,"covered":0,"notcovered":256,"percent":0},"functions":{"count":18,"covered":0,"percent":0},"instantiations":{"count":18,"covered":0,"percent":0},"lines":{"count":583,"covered":0,"percent":0},"mcdc":{"count":0,"covered":0,"notcovered":0,"percent":0},"regions":{"count":384,"covered":0,"notcovered":384,"percent":0}}},{"filename":"/src/tmux/proc.c","summary":{"branches":{"count":58,"covered":0,"notcovered":58,"percent":0},"functions":{"count":17,"covered":0,"percent":0},"instantiations":{"count":17,"covered":0,"percent":0},"lines":{"count":221,"covered":0,"percent":0},"mcdc":{"count":0,"covered":0,"notcovered":0,"percent":0},"regions":{"count":109,"covered":0,"notcovered":109,"percent":0}}},{"filename":"/src/tmux/regsub.c","summary":{"branches":{"count":28,"covered":0,"notcovered":28,"percent":0},"functions":{"count":3,"covered":0,"percent":0},"instantiations":{"count":3,"covered":0,"percent":0},"lines":{"count":66,"covered":0,"percent":0},"mcdc":{"count":0,"covered":0,"notcovered":0,"percent":0},"regions":{"count":39,"covered":0,"notcovered":39,"percent":0}}},{"filename":"/src/tmux/resize.c","summary":{"branches":{"count":216,"covered":0,"notcovered":216,"percent":0},"functions":{"count":10,"covered":0,"percent":0},"instantiations":{"count":10,"covered":0,"percent":0},"lines":{"count":275,"covered":0,"percent":0},"mcdc":{"count":0,"covered":0,"notcovered":0,"percent":0},"regions":{"count":349,"covered":0,"notcovered":349,"percent":0}}},{"filename":"/src/tmux/screen-redraw.c","summary":{"branches":{"count":546,"covered":0,"notcovered":546,"percent":0},"functions":{"count":22,"covered":0,"percent":0},"instantiations":{"count":22,"covered":0,"percent":0},"lines":{"count":751,"covered":0,"percent":0},"mcdc":{"count":0,"covered":0,"notcovered":0,"percent":0},"regions":{"count":774,"covered":0,"notcovered":774,"percent":0}}},{"filename":"/src/tmux/screen-write.c","summary":{"branches":{"count":712,"covered":404,"notcovered":308,"percent":56.741573033707873},"functions":{"count":69,"covered":51,"percent":73.91304347826086},"instantiations":{"count":69,"covered":51,"percent":73.91304347826086},"lines":{"count":1494,"covered":957,"percent":64.056224899598391},"mcdc":{"count":0,"covered":0,"notcovered":0,"percent":0},"regions":{"count":1148,"covered":749,"notcovered":399,"percent":65.243902439024396}}},{"filename":"/src/tmux/screen.c","summary":{"branches":{"count":264,"covered":75,"notcovered":189,"percent":28.40909090909091},"functions":{"count":25,"covered":19,"percent":76},"instantiations":{"count":25,"covered":19,"percent":76},"lines":{"count":448,"covered":223,"percent":49.776785714285715},"mcdc":{"count":0,"covered":0,"notcovered":0,"percent":0},"regions":{"count":415,"covered":159,"notcovered":256,"percent":38.313253012048193}}},{"filename":"/src/tmux/server-acl.c","summary":{"branches":{"count":38,"covered":0,"notcovered":38,"percent":0},"functions":{"count":10,"covered":0,"percent":0},"instantiations":{"count":10,"covered":0,"percent":0},"lines":{"count":91,"covered":0,"percent":0},"mcdc":{"count":0,"covered":0,"notcovered":0,"percent":0},"regions":{"count":83,"covered":0,"notcovered":83,"percent":0}}},{"filename":"/src/tmux/server-client.c","summary":{"branches":{"count":2400,"covered":0,"notcovered":2400,"percent":0},"functions":{"count":60,"covered":0,"percent":0},"instantiations":{"count":60,"covered":0,"percent":0},"lines":{"count":3191,"covered":0,"percent":0},"mcdc":{"count":0,"covered":0,"notcovered":0,"percent":0},"regions":{"count":3088,"covered":0,"notcovered":3088,"percent":0}}},{"filename":"/src/tmux/server-fn.c","summary":{"branches":{"count":186,"covered":2,"notcovered":184,"percent":1.0752688172043012},"functions":{"count":26,"covered":2,"percent":7.6923076923076925},"instantiations":{"count":26,"covered":2,"percent":7.6923076923076925},"lines":{"count":327,"covered":8,"percent":2.4464831804281344},"mcdc":{"count":0,"covered":0,"notcovered":0,"percent":0},"regions":{"count":336,"covered":10,"notcovered":326,"percent":2.9761904761904758}}},{"filename":"/src/tmux/server.c","summary":{"branches":{"count":166,"covered":0,"notcovered":166,"percent":0},"functions":{"count":17,"covered":0,"percent":0},"instantiations":{"count":17,"covered":0,"percent":0},"lines":{"count":359,"covered":0,"percent":0},"mcdc":{"count":0,"covered":0,"notcovered":0,"percent":0},"regions":{"count":299,"covered":0,"notcovered":299,"percent":0}}},{"filename":"/src/tmux/session.c","summary":{"branches":{"count":204,"covered":0,"notcovered":204,"percent":0},"functions":{"count":39,"covered":0,"percent":0},"instantiations":{"count":39,"covered":0,"percent":0},"lines":{"count":468,"covered":0,"percent":0},"mcdc":{"count":0,"covered":0,"notcovered":0,"percent":0},"regions":{"count":450,"covered":0,"notcovered":450,"percent":0}}},{"filename":"/src/tmux/spawn.c","summary":{"branches":{"count":154,"covered":0,"notcovered":154,"percent":0},"functions":{"count":3,"covered":0,"percent":0},"instantiations":{"count":3,"covered":0,"percent":0},"lines":{"count":317,"covered":0,"percent":0},"mcdc":{"count":0,"covered":0,"notcovered":0,"percent":0},"regions":{"count":247,"covered":0,"notcovered":247,"percent":0}}},{"filename":"/src/tmux/status.c","summary":{"branches":{"count":896,"covered":0,"notcovered":896,"percent":0},"functions":{"count":52,"covered":0,"percent":0},"instantiations":{"count":52,"covered":0,"percent":0},"lines":{"count":1598,"covered":0,"percent":0},"mcdc":{"count":0,"covered":0,"notcovered":0,"percent":0},"regions":{"count":1193,"covered":0,"notcovered":1193,"percent":0}}},{"filename":"/src/tmux/style.c","summary":{"branches":{"count":224,"covered":57,"notcovered":167,"percent":25.446428571428569},"functions":{"count":8,"covered":5,"percent":62.5},"instantiations":{"count":8,"covered":5,"percent":62.5},"lines":{"count":330,"covered":90,"percent":27.27272727272727},"mcdc":{"count":0,"covered":0,"notcovered":0,"percent":0},"regions":{"count":314,"covered":102,"notcovered":212,"percent":32.484076433121018}}},{"filename":"/src/tmux/tmux-protocol.h","summary":{"branches":{"count":0,"covered":0,"notcovered":0,"percent":0},"functions":{"count":0,"covered":0,"percent":0},"instantiations":{"count":0,"covered":0,"percent":0},"lines":{"count":0,"covered":0,"percent":0},"mcdc":{"count":0,"covered":0,"notcovered":0,"percent":0},"regions":{"count":0,"covered":0,"notcovered":0,"percent":0}}},{"filename":"/src/tmux/tmux.c","summary":{"branches":{"count":214,"covered":0,"notcovered":214,"percent":0},"functions":{"count":15,"covered":1,"percent":6.666666666666667},"instantiations":{"count":15,"covered":1,"percent":6.666666666666667},"lines":{"count":380,"covered":3,"percent":0.78947368421052633},"mcdc":{"count":0,"covered":0,"notcovered":0,"percent":0},"regions":{"count":288,"covered":1,"notcovered":287,"percent":0.34722222222222221}}},{"filename":"/src/tmux/tmux.h","summary":{"branches":{"count":0,"covered":0,"notcovered":0,"percent":0},"functions":{"count":0,"covered":0,"percent":0},"instantiations":{"count":0,"covered":0,"percent":0},"lines":{"count":0,"covered":0,"percent":0},"mcdc":{"count":0,"covered":0,"notcovered":0,"percent":0},"regions":{"count":0,"covered":0,"notcovered":0,"percent":0}}},{"filename":"/src/tmux/tty-acs.c","summary":{"branches":{"count":20,"covered":0,"notcovered":20,"percent":0},"functions":{"count":8,"covered":0,"percent":0},"instantiations":{"count":8,"covered":0,"percent":0},"lines":{"count":58,"covered":0,"percent":0},"mcdc":{"count":0,"covered":0,"notcovered":0,"percent":0},"regions":{"count":42,"covered":0,"notcovered":42,"percent":0}}},{"filename":"/src/tmux/tty-features.c","summary":{"branches":{"count":38,"covered":0,"notcovered":38,"percent":0},"functions":{"count":4,"covered":0,"percent":0},"instantiations":{"count":4,"covered":0,"percent":0},"lines":{"count":107,"covered":0,"percent":0},"mcdc":{"count":0,"covered":0,"notcovered":0,"percent":0},"regions":{"count":63,"covered":0,"notcovered":63,"percent":0}}},{"filename":"/src/tmux/tty-keys.c","summary":{"branches":{"count":600,"covered":0,"notcovered":600,"percent":0},"functions":{"count":18,"covered":0,"percent":0},"instantiations":{"count":18,"covered":0,"percent":0},"lines":{"count":883,"covered":0,"percent":0},"mcdc":{"count":0,"covered":0,"notcovered":0,"percent":0},"regions":{"count":839,"covered":0,"notcovered":839,"percent":0}}},{"filename":"/src/tmux/tty-term.c","summary":{"branches":{"count":216,"covered":0,"notcovered":216,"percent":0},"functions":{"count":19,"covered":0,"percent":0},"instantiations":{"count":19,"covered":0,"percent":0},"lines":{"count":439,"covered":0,"percent":0},"mcdc":{"count":0,"covered":0,"notcovered":0,"percent":0},"regions":{"count":293,"covered":0,"notcovered":293,"percent":0}}},{"filename":"/src/tmux/tty.c","summary":{"branches":{"count":1328,"covered":8,"notcovered":1320,"percent":0.60240963855421692},"functions":{"count":109,"covered":3,"percent":2.7522935779816518},"instantiations":{"count":109,"covered":3,"percent":2.7522935779816518},"lines":{"count":2040,"covered":38,"percent":1.8627450980392157},"mcdc":{"count":0,"covered":0,"notcovered":0,"percent":0},"regions":{"count":1958,"covered":25,"notcovered":1933,"percent":1.2768130745658837}}},{"filename":"/src/tmux/utf8-combined.c","summary":{"branches":{"count":72,"covered":38,"notcovered":34,"percent":52.777777777777779},"functions":{"count":4,"covered":4,"percent":100},"instantiations":{"count":4,"covered":4,"percent":100},"lines":{"count":55,"covered":21,"percent":38.181818181818187},"mcdc":{"count":0,"covered":0,"notcovered":0,"percent":0},"regions":{"count":48,"covered":15,"notcovered":33,"percent":31.25}}},{"filename":"/src/tmux/utf8.c","summary":{"branches":{"count":230,"covered":62,"notcovered":168,"percent":26.956521739130434},"functions":{"count":32,"covered":12,"percent":37.5},"instantiations":{"count":32,"covered":12,"percent":37.5},"lines":{"count":499,"covered":134,"percent":26.853707414829657},"mcdc":{"count":0,"covered":0,"notcovered":0,"percent":0},"regions":{"count":359,"covered":107,"notcovered":252,"percent":29.805013927576603}}},{"filename":"/src/tmux/window-buffer.c","summary":{"branches":{"count":114,"covered":0,"notcovered":114,"percent":0},"functions":{"count":18,"covered":0,"percent":0},"instantiations":{"count":18,"covered":0,"percent":0},"lines":{"count":326,"covered":0,"percent":0},"mcdc":{"count":0,"covered":0,"notcovered":0,"percent":0},"regions":{"count":163,"covered":0,"notcovered":163,"percent":0}}},{"filename":"/src/tmux/window-client.c","summary":{"branches":{"count":94,"covered":0,"notcovered":94,"percent":0},"functions":{"count":13,"covered":0,"percent":0},"instantiations":{"count":13,"covered":0,"percent":0},"lines":{"count":232,"covered":0,"percent":0},"mcdc":{"count":0,"covered":0,"notcovered":0,"percent":0},"regions":{"count":140,"covered":0,"notcovered":140,"percent":0}}},{"filename":"/src/tmux/window-clock.c","summary":{"branches":{"count":36,"covered":0,"notcovered":36,"percent":0},"functions":{"count":6,"covered":0,"percent":0},"instantiations":{"count":6,"covered":0,"percent":0},"lines":{"count":119,"covered":0,"percent":0},"mcdc":{"count":0,"covered":0,"notcovered":0,"percent":0},"regions":{"count":71,"covered":0,"notcovered":71,"percent":0}}},{"filename":"/src/tmux/window-copy.c","summary":{"branches":{"count":1520,"covered":0,"notcovered":1520,"percent":0},"functions":{"count":201,"covered":0,"percent":0},"instantiations":{"count":201,"covered":0,"percent":0},"lines":{"count":3867,"covered":0,"percent":0},"mcdc":{"count":0,"covered":0,"notcovered":0,"percent":0},"regions":{"count":2289,"covered":0,"notcovered":2289,"percent":0}}},{"filename":"/src/tmux/window-customize.c","summary":{"branches":{"count":574,"covered":0,"notcovered":574,"percent":0},"functions":{"count":37,"covered":0,"percent":0},"instantiations":{"count":37,"covered":0,"percent":0},"lines":{"count":1130,"covered":0,"percent":0},"mcdc":{"count":0,"covered":0,"notcovered":0,"percent":0},"regions":{"count":729,"covered":0,"notcovered":729,"percent":0}}},{"filename":"/src/tmux/window-tree.c","summary":{"branches":{"count":480,"covered":0,"notcovered":480,"percent":0},"functions":{"count":34,"covered":0,"percent":0},"instantiations":{"count":34,"covered":0,"percent":0},"lines":{"count":1012,"covered":0,"percent":0},"mcdc":{"count":0,"covered":0,"notcovered":0,"percent":0},"regions":{"count":655,"covered":0,"notcovered":655,"percent":0}}},{"filename":"/src/tmux/window.c","summary":{"branches":{"count":710,"covered":32,"notcovered":678,"percent":4.507042253521127},"functions":{"count":93,"covered":19,"percent":20.43010752688172},"instantiations":{"count":93,"covered":19,"percent":20.43010752688172},"lines":{"count":1326,"covered":191,"percent":14.404223227752638},"mcdc":{"count":0,"covered":0,"notcovered":0,"percent":0},"regions":{"count":1344,"covered":129,"notcovered":1215,"percent":9.5982142857142865}}},{"filename":"/src/tmux/xmalloc.c","summary":{"branches":{"count":34,"covered":17,"notcovered":17,"percent":50},"functions":{"count":11,"covered":11,"percent":100},"instantiations":{"count":11,"covered":11,"percent":100},"lines":{"count":87,"covered":70,"percent":80.459770114942529},"mcdc":{"count":0,"covered":0,"notcovered":0,"percent":0},"regions":{"count":58,"covered":45,"notcovered":13,"percent":77.58620689655173}}}],"totals":{"branches":{"count":26914,"covered":2877,"notcovered":24037,"percent":10.68960392360853},"functions":{"count":2282,"covered":555,"percent":24.320771253286591},"instantiations":{"count":2534,"covered":597,"percent":23.559589581689032},"lines":{"count":52029,"covered":7263,"percent":13.959522573949142},"mcdc":{"count":0,"covered":0,"notcovered":0,"percent":0},"regions":{"count":40913,"covered":5464,"notcovered":35449,"percent":13.355168283919536}}}],"type":"llvm.coverage.json.export","version":"2.0.1"}